queue_rank,repro_id,family,pattern_prefix,raw_sol_gap,launch_adjusted_gap_3us,excess_us_vs_launch_adjusted_sol_3us,priority_score_3us,status,canonical_oracle_path,notes
1,sum_sum_sum_45f02142ecfd,structured_pool_upsample_backward_reduce,,61.87632290355104,54.18119104387311,14111.735589623451,83983.39159075345,active_oracle_impl,repros/canonical/sum_sum_sum_45f02142ecfd/oracle_structured_scatter_reduce.py,owner=Heaviside; fused bilinear scatter + BN backward reduction avoids separate reduction passes; correctness verified on CPU; owner=Kepler implementing/repairing batch_B
2,sum_sum_sum_f90d684d32cb,structured_pool_upsample_backward_reduce,,36.33164074985788,31.580612594149382,4209.360226213932,21817.764881581454,oracle_measured,repros/canonical/sum_sum_sum_f90d684d32cb/oracle_structured_upsample_reduce.py,measure oracle on CUDA; measured_oracle_us=93505.686
3,sum_sum_sum_afd118ca907d,online_softmax_cross_entropy,,9.728086427317434,9.46759331428382,5691.984004497528,18681.97971515403,active_measurement,repros/canonical/sum_sum_sum_afd118ca907d/oracle_softmax_backward.py,measure oracle on CUDA; owner=Confucius measuring batch_A
4,sum_sum_sum_7b24a3457260,multi_output_reduction_templates,,4.423862026365968,4.376864104777448,5721.488244056702,12274.345294722776,active_measurement,repros/canonical/sum_sum_sum_7b24a3457260/oracle_multi_output_reduction.py,measure oracle on CUDA; owner=Confucius measuring batch_A
5,sum_adeaebad93f7,irregular_gather_reduce,,15.155210415077814,14.351021350409304,2264.439943790436,8880.549183180341,active_measurement,repros/canonical/sum_adeaebad93f7/oracle_fused_gather_reduce.py,measure oracle on CUDA; owner=Confucius measuring batch_A
6,sum_sum_sum_8e6cde42e572,structured_pool_upsample_backward_reduce,,6.658984716714652,6.302965432616123,2380.47998046875,6511.33219660754,active_oracle_impl,repros/canonical/sum_sum_sum_8e6cde42e572/oracle_structured_upsample_reduce.py,measure oracle on CUDA; owner=Kepler implementing/repairing batch_B
7,amax_sum_sum_dc96a87ba8db,online_softmax_cross_entropy,,5.223049013210932,5.173277879681794,2627.6960196495056,6266.771851745701,oracle_measured,repros/canonical/amax_sum_sum_dc96a87ba8db/oracle_softmax_sum.py,measured_oracle_us=1638.368010520935; measured_oracle_us=1638.368010520935
8,sum_sum_sum_dadf6aa035dd,structured_pool_upsample_backward_reduce,,21.592536268979867,16.82105647495679,1288.719958782196,5712.200709540144,active_oracle_impl,repros/canonical/sum_sum_sum_dadf6aa035dd/oracle_structured_scatter_reduce.py,owner=Heaviside; fused bilinear scatter + BN backward reduction avoids separate reduction passes; correctness verified on CPU; owner=Kepler implementing/repairing batch_B
9,sum_18262b26934c,structured_pool_upsample_backward_reduce,,9.603062197429855,8.823592856485183,1156.6399579048157,3774.688166236057,oracle_measured,repros/canonical/sum_18262b26934c/oracle_maxpool_direct_reduce.py,measure oracle on CUDA; measured_oracle_us=579.456
10,sum_sum_cdaed89f373c,multi_output_reduction_templates,,4.066896884300916,3.931832750199308,1853.8799562454224,3752.120315693777,oracle_measured,repros/canonical/sum_sum_cdaed89f373c/oracle_multi_output_reduction.py,measure oracle on CUDA; measured_oracle_us=1492.558 true_fused_reduction_epilogue_partial_graph
11,sum_sum_6a14a9c9ba88,multi_output_reduction_templates,,6.703337097853487,6.099867803308229,1359.5839927196505,3731.894211125526,oracle_measured,repros/canonical/sum_sum_6a14a9c9ba88/oracle_multi_output_reduction.py,measure oracle on CUDA; measured_oracle_us=2491.800 partial_oracle_scatter_precomputed
12,amax_sum_3ed297ef02cd,online_softmax_cross_entropy,,2.810625817894876,2.803859573313087,2247.912070274353,3351.392770650962,oracle_measured,repros/canonical/amax_sum_3ed297ef02cd/oracle_online_softmax.py,measure oracle on CUDA; measured_oracle_us=1942.900 true_triton_online_softmax
13,amax_sum_sum_1bad0f362efd,online_softmax_cross_entropy,,3.5895372753181847,3.555544585615293,1619.1521110534668,2985.389228541768,implemented_unmeasured,repros/canonical/amax_sum_sum_1bad0f362efd/oracle_online_softmax.py,create canonical oracle scaffold
14,amax_sum_f0661488d68c,online_softmax_cross_entropy,,3.557220853849397,3.540241387887368,1596.5519161224363,2922.888296054479,implemented_unmeasured,repros/canonical/amax_sum_f0661488d68c/oracle_cross_entropy_fwd.py,measure oracle on CUDA
15,sum_sum_a7c7ab7bfcf5,multi_output_reduction_templates,,5.586899395636584,5.141312209262046,1090.424058675766,2706.4846813095714,implemented_unmeasured,repros/canonical/sum_sum_a7c7ab7bfcf5/oracle_multi_output_reduction.py,measure oracle on CUDA
16,sum_34d3dca078b3,structured_pool_upsample_backward_reduce,,7.57195068159605,6.974542387903857,908.7039624452592,2654.019871527135,implemented_unmeasured,repros/canonical/sum_34d3dca078b3/oracle_multi_output_reduction.py,measure oracle on CUDA
17,pointwise_70c0751eb408,layout_indexing_stencil_fusion,,12.615120149811716,3.411214681635625,664.2800023555756,2429.326467397409,implemented_unmeasured,repros/canonical/pointwise_70c0751eb408/oracle_stencil_canonicalized.py,measure oracle on CUDA
18,sum_sum_8bcd6e12dcd4,structured_pool_upsample_backward_reduce,,11.149567415939694,8.87352610949262,694.256021797657,2415.258265713888,implemented_unmeasured,repros/canonical/sum_sum_8bcd6e12dcd4/oracle_structured_scatter_reduce.py,create canonical oracle scaffold
19,sum_sum_sum_1627b1a3a6f6,structured_pool_upsample_backward_reduce,,5.574518187177207,5.017066381473283,964.0959540605544,2389.84647567664,implemented_unmeasured,repros/canonical/sum_sum_sum_1627b1a3a6f6/oracle_multi_output_reduction.py,measure oracle on CUDA
20,sum_sum_0930bd38b7d1,multi_output_reduction_templates,,5.220341465915666,4.692568264908714,986.1520330905914,2351.128627821188,implemented_unmeasured,repros/canonical/sum_sum_0930bd38b7d1/oracle_scatter_reduce.py,oracle implemented; classification SCATTER_REDUCE; full-scope check/bench passed; owner=codex
21,amax_sum_4c524f75213e,online_softmax_cross_entropy,,9.294823130131334,6.138329038437214,726.2719948291779,2336.0011531482915,implemented_unmeasured,repros/canonical/amax_sum_4c524f75213e/oracle_online_softmax.py,oracle implemented; classification NEW_PATTERN; full-scope check/bench passed; owner=codex
22,amax_sum_amax_2a81770def44,online_softmax_cross_entropy,,5.110783044183237,4.985412229056019,974.7999432086943,2294.2348981001924,implemented_unmeasured,repros/canonical/amax_sum_amax_2a81770def44/oracle_full_t5_relative_position_attention_softmax_dropout.py,oracle implemented; classification NEW_PATTERN; full-scope check/bench passed; owner=codex
23,sum_b691b8dad90a,multi_output_reduction_templates,,3.04457188265448,3.018214690547139,1398.7680497169497,2246.756318678203,implemented_unmeasured,repros/canonical/sum_b691b8dad90a/oracle_multi_output_reduction.py,oracle implemented; classification COOPERATIVE_SPLIT_K; full-scope check/bench passed; owner=codex
24,sum_e00c7291b6ee,multi_output_reduction_templates,,2.39112041937613,2.385387930862087,1733.6080284118652,2180.335912108637,implemented_unmeasured,repros/canonical/sum_e00c7291b6ee/oracle_cooperative_split_k.py,oracle implemented; classification COOPERATIVE_SPLIT_K; full-scope check/bench passed; owner=codex
25,var_mean_f0d7c08a0622,norm_template_canonicalization,,6.492458968385684,5.980004281159312,757.1199779510498,2043.288890678776,implemented_unmeasured,repros/canonical/var_mean_f0d7c08a0622/oracle_norm_template.py,create canonical oracle scaffold
26,sum_sum_sum_70d71fcb0d68,multi_output_reduction_templates,,6.082832547379274,5.355088378555368,764.439983010292,1991.1699157440569,oracle_measured,repros/canonical/sum_sum_sum_70d71fcb0d68/oracle_cross_dim_reduction.py,measure oracle on CUDA; measured_oracle_us=6579.374
27,var_mean_e814c09a1fdb,norm_template_canonicalization,,2.993859771889668,2.9201329398357285,1169.5759749412537,1850.276969108919,implemented_unmeasured,repros/canonical/var_mean_e814c09a1fdb/oracle_norm_template.py,create canonical oracle scaffold
28,sum_3ee4028cab37,structured_pool_upsample_backward_reduce,,9.472067152344728,8.064209403326172,570.3360234498978,1849.9871584466755,active_oracle_impl,repros/canonical/sum_3ee4028cab37/oracle_structured_scatter_reduce.py,create canonical oracle scaffold; owner=Kepler implementing/repairing batch_B
29,var_mean_765fb8f2c85e,norm_template_canonicalization,,7.520309444074449,6.533081285010357,632.2320184111595,1840.295918297416,active_measurement,repros/canonical/var_mean_765fb8f2c85e/oracle_bn_training_forward.py,measure oracle on CUDA; owner=Confucius measuring batch_A
30,sum_7df61c52c7f8,structured_pool_upsample_backward_reduce,,9.139118657997557,7.796709952522927,555.2640278935432,1772.433340958103,implemented_unmeasured,repros/canonical/sum_7df61c52c7f8/oracle_multi_output_reduction.py,create canonical oracle scaffold
31,amax_sum_87e1fb077f24,online_softmax_cross_entropy,,5.52211543328974,4.81257514207335,712.1280173063278,1755.5529757625975,implemented_unmeasured,repros/canonical/amax_sum_87e1fb077f24/oracle_online_softmax.py,oracle implemented; classification NEW_PATTERN; full-scope check/bench passed; owner=codex
32,sum_sum_sum_86dbf5a906db,multi_output_reduction_templates,,3.027245562486933,2.9312549445275806,1096.3039464950562,1751.8999638480616,implemented_unmeasured,repros/canonical/sum_sum_sum_86dbf5a906db/oracle_multi_output_reduction.py,create canonical oracle scaffold
33,sum_sum_sum_431633879271,multi_output_reduction_templates,,5.553924634986842,5.240403384655723,676.0560158491135,1672.229693479278,implemented_unmeasured,repros/canonical/sum_sum_sum_431633879271/oracle_multi_output_reduction.py,owner=Hardy; 2-kernel fused GELU backward: dual channel reduction + GELU' reduction avoids materializing intermediates; CUDA measurement pending
34,sum_sum_sum_2c925f59efff,structured_pool_upsample_backward_reduce,,13.679815794653631,9.023297655635243,424.2719888389111,1601.1926846241988,implemented_unmeasured,repros/canonical/sum_sum_sum_2c925f59efff/oracle_multi_output_reduction.py,owner=Hardy; 3-acc fused BN backward: single pass over where_self+sub_tensor_1 computes sum1/sum2/sum_sub then algebraic epilogue; CUDA measurement pending
35,sum_sum_sum_82a3f0084247,multi_output_reduction_templates,,6.929899878185487,5.284103559613642,541.1679756641388,1511.3925974609556,implemented_unmeasured,repros/canonical/sum_sum_sum_82a3f0084247/oracle_multi_output_reduction.py,owner=Hardy; dual LN backward with fused outer reductions via Triton partial-reduce over [128x56x56] positions; CUDA measurement pending
36,sum_617cd87647d6,multi_output_reduction_templates,,5.754009736721558,5.05275731542569,598.5760308504105,1511.1456909452934,implemented_unmeasured,repros/canonical/sum_617cd87647d6/oracle_multi_output_reduction.py,oracle implemented; classification SCATTER_REDUCE; full-scope check/bench passed; owner=codex
37,amax_sum_68fe981b18dd,online_softmax_cross_entropy,,7.144623579801082,4.817418344987695,527.3839849233627,1496.1134786968062,implemented_unmeasured,repros/canonical/amax_sum_68fe981b18dd/oracle_online_softmax.py,oracle implemented; classification NEW_PATTERN; full-scope check/bench passed; owner=codex
38,amax_sum_amax_68fa105ccaf0,online_softmax_cross_entropy,,5.009360803115043,4.829029578407634,638.1919952630997,1483.558041234883,implemented_unmeasured,repros/canonical/amax_sum_amax_68fa105ccaf0/oracle_online_softmax.py,oracle implemented; classification NEW_PATTERN; full-scope check/bench passed; owner=codex
39,sum_sum_a42eecd58e57,multi_output_reduction_templates,,4.165684546988205,3.8219595901863146,718.1999959945679,1478.4531823654818,implemented_unmeasured,repros/canonical/sum_sum_a42eecd58e57/oracle_multi_output_reduction.py,owner=Weierstrass; 2-kernel fused BN backward: dual channel reduction + pointwise avoids materializing [512x24x112x112] intermediates; CUDA measurement pending
40,sum_sum_sum_95dac16d4328,multi_output_reduction_templates,,9.735403887042432,8.719888898146388,444.0480182468891,1457.916585071244,implemented_unmeasured,repros/canonical/sum_sum_sum_95dac16d4328/oracle_multi_output_reduction.py,owner=Weierstrass; 2-block fused BN backward: dual channel reduction + pointwise for C=40 and C=20 slice; CUDA measurement pending
41,pointwise_71e3a6c09140,layout_indexing_stencil_fusion,,5.334094583367141,5.115077234493605,601.32801258564,1452.3535177025378,implemented_unmeasured,repros/canonical/pointwise_71e3a6c09140/oracle_stencil_fusion.py,owner=Banach2; fused BN-affine+ReLU+MaxPool avoids materializing [128x64x147x147] intermediates; CUDA measurement pending
42,pointwise_8793407401ab,layout_indexing_stencil_fusion,,2.715064544120422,2.674464704567483,1007.7999863624572,1452.2261700470076,implemented_unmeasured,repros/canonical/pointwise_8793407401ab/oracle_stencil_fusion.py,owner=Banach2; fused BN+ReLU+bilinear upsample+pad+cat avoids [8x64x640x958] intermediate materializations; CUDA measurement pending
43,pointwise_13f26d420251,layout_indexing_stencil_fusion,,6.455189897702385,5.918569162380171,532.5039882063866,1432.6804336239964,implemented_unmeasured,repros/canonical/pointwise_13f26d420251/oracle_stencil_fusion.py,owner=Banach2; fused BN-affine+ReLU+MaxPool avoids [128x192x71x71] intermediates then AvgPool separate; CUDA measurement pending
44,pointwise_485ad74a8b0e,layout_indexing_stencil_fusion,,4.79907442409658,4.713859549313324,627.4639875888824,1419.7980197587449,implemented_unmeasured,repros/canonical/pointwise_485ad74a8b0e/oracle_stencil_fusion.py,owner=Banach2; fused ReLU+MaxPool avoids materializing [512x64x111x111] f16 relu intermediate; CUDA measurement pending
45,sum_sum_sum_db1524bc41dd,multi_output_reduction_templates,,2.791858795338677,2.7174668924003216,966.823980808258,1432.0847943825722,implemented_unmeasured,repros/canonical/sum_sum_sum_db1524bc41dd/oracle_multi_output_reduction.py,owner=Weierstrass; 2-kernel fused BN backward with third reduction fused into pointwise avoids [8x64x640x959] intermediate; CUDA measurement pending
46,sum_sum_a9f6c9204966,multi_output_reduction_templates,,3.985493727392436,3.6653712980738704,696.8559899330139,1390.0593798933392,implemented_unmeasured,repros/canonical/sum_sum_a9f6c9204966/oracle_multi_output_reduction.py,owner=Weierstrass; 2-kernel fused BN backward: dual channel reduction + pointwise for C=192 channels-last [128x192x71x71]; CUDA measurement pending
47,sum_sum_b16afac198fb,multi_output_reduction_templates,,2.311546260491767,2.241814953628364,123.49600952863692,149.28916813510855,oracle_measured,repros/canonical/sum_sum_b16afac198fb/oracle_multi_output_reduction.py,owner=Codex-bn-slice; full-scope --check PASS; measured_oracle_us=204.672; classification SCHEDULER_FUSION
48,sum_sum_sum_fb9996974d8f,multi_output_reduction_templates,,2.3066630129252164,1.9145512084334,129.1199961900711,155.69382777408885,not_true_floor,repros/canonical/sum_sum_sum_fb9996974d8f/oracle_cooperative_split_k.py,full-scope oracle revalidated; classification COOPERATIVE_SPLIT_K; check/bench passed; not a floor because tuned compile remains faster than oracle; quick_oracle_us=593.888; prior_combo_us=444.256; owner=codex
203,sum_sum_sum_a29c7a92bc81,multi_output_reduction_templates,,2.372061637102727,2.1067699312665127,118.75198978185654,147.98178246606815,oracle_measured,repros/canonical/sum_sum_sum_a29c7a92bc81/oracle_multi_output_reduction.py,full-scope --check PASS; measured_oracle_us=333.120; cd=385.696; combo=392.448; classification=COOPERATIVE_SPLIT_K; full-scope cooperative patch-expand reduction
206,sum_sum_df7b99fa3465,multi_output_reduction_templates,,2.1299262507587864,1.9445218031659968,130.20799505710602,142.0313338236679,oracle_measured,repros/canonical/sum_sum_df7b99fa3465/oracle_multi_output_reduction.py,full-scope --check PASS; measured_oracle_us=392.640; cd=406.368; combo=403.040; classification=SCHEDULER_FUSION
208,sum_sum_100fff569d2e,multi_output_reduction_templates,,2.3142556364349542,2.171306228713354,113.77600306272508,137.73133977079328,oracle_measured,repros/canonical/sum_sum_100fff569d2e/oracle_multi_output_reduction.py,full-scope --check PASS; measured_oracle_us=191.648; cd=382.880; combo=378.016; classification=SCHEDULER_FUSION; full-scope dual reduction + residual slice epilogue
436,sum_sum_sum_cad02fe18a69,structured_pool_upsample_backward_reduce,,2.36348694539968,1.3953150010064208,26.056001663208008,32.33333270778956,oracle_measured,repros/canonical/sum_sum_sum_cad02fe18a69/oracle_bert_embedding_scatter_reduce.py,full-scope --check PASS; measured_oracle_us=96.288; cd=155.552; combo=144.352; classification=SCATTER_REDUCE; full-scope BERT embedding/layernorm backward indexed scatter-reduce tuple
442,sum_sum_sum_ed8809aa30cf,multi_output_reduction_templates,,2.0236822034139483,1.573040370715416,30.879998683929443,31.404425942956767,not_true_floor,,full-scope diagnosis oracle exists but is slower than tuned combo compile; do not wire as floor; oracle=134.848us cd=150.208us combo=129.920us; classification=COOPERATIVE_SPLIT_K
444,sum_sum_sum_1d10e6314ef6,multi_output_reduction_templates,,2.5397553889704843,1.7759957279273857,23.22399950027465,31.229069521895784,oracle_measured,repros/canonical/sum_sum_sum_1d10e6314ef6/oracle_multi_output_reduction.py,full-scope --check PASS; measured_oracle_us=52.128; cd=104.160; combo=129.248; classification=COOPERATIVE_SPLIT_K; full-scope Longformer LN/dropout dependent reductions with materialized transpose side output
445,sum_sum_sum_4de1559f24a7,multi_output_reduction_templates,,2.05381944812874,1.650793665212971,29.84800150990486,30.99145932967128,oracle_measured,repros/canonical/sum_sum_sum_4de1559f24a7/oracle_multi_output_reduction.py,full-scope --check PASS; measured_oracle_us=72.768; cd=140.160; combo=105.952; classification=COOPERATIVE_SPLIT_K; full-scope MegatronBert LN/dropout dependent multi-output reductions with materialized side output
458,sum_7d7c71d09ef5,structured_pool_upsample_backward_reduce,,1.4446071014141648,1.3814023805633335,52.30399692058563,27.756536935999144,oracle_measured,repros/canonical/sum_7d7c71d09ef5/oracle_structured_pool_upsample_reduce.py,full-scope --check PASS; measured_oracle_us=308.324; cd=429.606; combo=435.974; classification=SCATTER_REDUCE; full-scope zero-padded slice_scatter side output plus masked channel reduction
460,sum_sum_f10bfbcf6729,multi_output_reduction_templates,,2.2089552575941016,1.937806896251733,22.919999927282333,26.20590731644904,not_true_floor,,full-scope Triton diagnosis oracle exists but is slower than coordinate-descent compile; do not wire as floor; oracle=61.888us cd=59.552us combo=69.792us; classification=BANDWIDTH_BOUND
462,sum_5eec4697d8ff,structured_pool_upsample_backward_reduce,,3.0314464756450663,1.5289452393019525,16.00799862295389,25.61289944590746,oracle_measured,repros/canonical/sum_5eec4697d8ff/oracle_longformer_scatter_reduce.py,full-scope --check PASS; measured_oracle_us=65.632; cd=78.400; combo=81.056; classification=SCATTER_REDUCE; full-scope Longformer indexed scatter into cropped transposed output plus reduction
464,sum_27f8a4b9ab09,multi_output_reduction_templates,,2.492407908944024,2.071203319100761,19.01600093394518,25.054345673784937,not_true_floor,,full-scope Triton diagnosis oracle exists but is slower than coordinate-descent compile; do not wire as floor; oracle=36.512us cd=35.552us combo=36.608us; classification=BANDWIDTH_BOUND
486,sum_f4f71b921e96,structured_pool_upsample_backward_reduce,,3.189873487671442,1.6877354674373588,13.14400004595518,21.99647365317908,oracle_measured,repros/canonical/sum_f4f71b921e96/oracle_structured_pool_upsample_reduce.py,full-scope --check PASS; measured_oracle_us=49.152; cd=77.408; combo=79.456; classification=SCATTER_REDUCE; full-scope max-pool-backward mask gather-reduce
488,sum_sum_279d6b97ab68,multi_output_reduction_templates,,2.1406469007859017,1.6939342757077056,19.95199830830097,21.90822875661908,oracle_measured,repros/canonical/sum_sum_279d6b97ab68/oracle_multi_output_reduction.py,full-scope --check PASS; measured_oracle_us=52.000; cd=66.016; combo=59.392; classification=SCHEDULER_FUSION; full-scope DenseNet dual reduction plus 12-slice epilogue
497,sum_sum_8bc26e2e1883,multi_output_reduction_templates,,2.243739469904114,1.7088365589872403,17.839998990297318,20.79974702414975,oracle_measured,repros/canonical/sum_sum_8bc26e2e1883/oracle_multi_output_reduction.py,full-scope --check PASS; measured_oracle_us=51.328; cd=65.216; combo=57.664; classification=SCHEDULER_FUSION; full-scope DenseNet dual reduction plus 13-slice epilogue
499,sum_sum_sum_94e6cd22ff22,multi_output_reduction_templates,,3.641646580560671,1.2932072583520842,10.912001341581345,20.346418582240705,not_true_floor,,full-scope diagnosis oracle exists but is slower than tuned combo compile; do not wire as floor; oracle=58.016us cd=75.168us combo=48.480us; classification=SCHEDULER_FUSION
503,sum_sum_sum_f0377fc40fe2,multi_output_reduction_templates,,3.616867626868685,1.2884120485013288,10.75200105458498,19.94217501614437,oracle_measured,repros/canonical/sum_sum_sum_f0377fc40fe2/oracle_multi_output_reduction.py,full-scope --check PASS; measured_oracle_us=44.160; cd=73.984; combo=49.696; classification=COOPERATIVE_SPLIT_K; full-scope DeiT LN backward multi-output split-row reduction
507,amax_sum_ca987107ccc7,online_softmax_cross_entropy,,2.221568723904278,1.8766046269015344,16.936000928282738,19.503139144787824,oracle_measured,repros/canonical/amax_sum_ca987107ccc7/oracle_online_softmax.py,full-scope --check PASS; measured_oracle_us=67.200; cd=86.784; combo=78.144; classification=NEW_PATTERN; full-scope masked softmax materialization
516,amax_sum_sum_b9ac8700504c,online_softmax_cross_entropy,,2.31102345333201,1.6879941492108623,15.31199836730957,18.50503849517684,oracle_measured,repros/canonical/amax_sum_sum_b9ac8700504c/oracle_online_softmax.py,full-scope --check PASS; measured_oracle_us=40.960; cd=101.248; combo=107.200; classification=NEW_PATTERN; full-scope biased online cross-entropy mean
519,sum_sum_sum_4bb798eb542e,structured_pool_upsample_backward_reduce,,2.139884380071931,1.3878163040931897,16.55199997127056,18.16636367829055,oracle_measured,repros/canonical/sum_sum_sum_4bb798eb542e/oracle_structured_scatter_reduce.py,full-scope --check PASS; measured_oracle_us=124.194; cd=141.506; combo=139.042; classification=SCATTER_REDUCE; full-scope structured scatter-reduce with side output
521,sum_sum_e75c5e897993,structured_pool_upsample_backward_reduce,,3.028225904404477,1.303536591029076,11.19200111925602,17.890109744919453,not_true_floor,,full-scope diagnosis oracle exists but is slower than tuned compile; do not wire as floor; oracle=205.411us cd=120.865us combo=128.930us; classification=SCATTER_REDUCE
528,amax_sum_sum_f9833ae619a1,online_softmax_cross_entropy,,2.268244541970018,1.655867522415442,14.576000213623049,17.22265475739039,oracle_measured,repros/canonical/amax_sum_sum_f9833ae619a1/oracle_online_softmax.py,full-scope --check PASS; measured_oracle_us=38.944; cd=77.184; combo=80.576; classification=NEW_PATTERN; full-scope biased online cross-entropy mean
530,sum_0d445802ccc4,structured_pool_upsample_backward_reduce,,2.625541232033188,1.449223470591554,12.03200138360262,16.75594382873931,not_true_floor,,full-scope diagnosis oracle exists but is slower than tuned compile; do not wire as floor; oracle=99.392us cd=42.880us combo=43.776us; classification=SCATTER_REDUCE
533,sum_sum_sum_6d6ec1e4f644,multi_output_reduction_templates,,2.76572684861254,1.3713364468715354,11.04800183326006,16.21469577268315,oracle_measured,repros/canonical/sum_sum_sum_6d6ec1e4f644/oracle_multi_output_reduction.py,full-scope --check PASS; measured_oracle_us=39.712; cd=51.552; combo=54.752; classification=COOPERATIVE_SPLIT_K; full-scope LN/dropout dependent reductions
539,sum_cfa532830ff2,structured_pool_upsample_backward_reduce,,1.4918338156357238,1.3718085686649055,27.727996051311493,16.001461455632686,oracle_measured,repros/canonical/sum_cfa532830ff2/oracle_structured_scatter_reduce.py,full-scope --check PASS; measured_oracle_us=173.122; cd=222.179; combo=234.627; classification=SCATTER_REDUCE; full-scope slice_scatter side output plus masked channel reduction
541,sum_sum_1efe819604dc,structured_pool_upsample_backward_reduce,,3.345864659460393,1.265103077766501,8.952000826597214,15.597779048614086,oracle_measured,repros/canonical/sum_sum_1efe819604dc/oracle_structured_pool_upsample_reduce.py,full-scope --check PASS; measured_oracle_us=74.752; cd=107.553; combo=120.098; classification=SCATTER_REDUCE; full-scope MobileViT avgpool/Silu/BN backward scatter-reduce
545,sum_sum_sum_d574fc7bdc59,multi_output_reduction_templates,,2.1691393695194985,1.3937082390167257,13.2159982919693,14.763892364963356,not_true_floor,,full-scope diagnosis oracle exists but is slower than tuned compile; do not wire as floor; oracle=130.368us cd=74.528us combo=77.824us; classification=COOPERATIVE_SPLIT_K
546,sum_sum_sum_fcd2cc2945b3,multi_output_reduction_templates,,2.3449518950756527,1.2332490305176986,11.807998850941658,14.518623315222632,not_true_floor,,full-scope oracle exists but is slower than tuned compile; do not wire as floor; oracle=474.048us cd=105.280us combo=84.416us; classification=SCHEDULER_FUSION
547,sum_sum_7a49bf63689f,multi_output_reduction_templates,,2.0560271957258776,1.5595621632266294,13.90400068461895,14.458205081554096,oracle_measured,repros/canonical/sum_sum_7a49bf63689f/oracle_multi_output_reduction.py,full-scope --check PASS; measured_oracle_us=51.872; cd=62.112; combo=55.264; classification=SCHEDULER_FUSION; full-scope dual reduction + fourteen residual slices + slice epilogue
548,sum_sum_74337e6f6544,structured_pool_upsample_backward_reduce,,2.2161648362205257,2.188729809897412,1152.2881035804749,1322.9018624789194,not_true_floor,,"full-scope diagnosis-only artifact repros/canonical/sum_sum_74337e6f6544/oracle_structured_scatter_reduce.py; oracle=2672.608us, cd=3558.912us, combo=3568.320us, historical_best=2121.632099151612us; classification=ALGEBRAIC_ELIMINATION; true_floor=no; main path intentionally blank; owner=Codex-template-structured-7433"
549,sum_sum_ba803596a087,structured_pool_upsample_backward_reduce,,1.8173435204341,1.8085759048315384,1508.408013343811,1299.9930104820305,implemented_unmeasured,repros/canonical/sum_sum_ba803596a087/oracle_structured_scatter_reduce.py,full-scope --check PASS; measured_oracle_us=3303.52; cd=6010.98; combo=6008.90; historical_best=3373.91996383667; classification=BANDWIDTH_BOUND; true_floor=yes; owner=Codex-template-structured-ba80
550,sum_9ba8ffa3e0fb,structured_pool_upsample_backward_reduce,,3.083268721644504,2.9183527676794614,753.1760015487671,1223.5047640187431,implemented_unmeasured,repros/canonical/sum_9ba8ffa3e0fb/oracle_structured_scatter_reduce.py,full-scope --check PASS; measured_oracle_us=1013.82; cd=1410.18; combo=1415.94; historical_best=1145.792007446289; classification=SCATTER_REDUCE; true_floor=yes; owner=Codex-template-structured-9ba8
551,sum_7ee057acd9bc,structured_pool_upsample_backward_reduce,,8.585230485138814,6.9754997961605,382.4319933652878,1186.2493045334056,implemented_unmeasured,repros/canonical/sum_7ee057acd9bc/oracle_structured_scatter_reduce.py,full-scope --check PASS; measured_oracle_us=429.47; cd=835.81; combo=842.98; historical_best=446.4319944381714; classification=SCATTER_REDUCE; true_floor=yes; owner=Codex-template-structured-7ee0
552,sum_sum_sum_8fe65349c733,multi_output_reduction_templates,,4.995449345865775,4.234721002512146,509.79201889038086,1183.0307284754683,implemented_unmeasured,repros/canonical/sum_sum_sum_8fe65349c733/oracle_multi_output_reduction.py,full-scope --check PASS; measured_oracle_us=554.43; cd=761.73; combo=746.27; historical_best=667.3920154571533; classification=SCATTER_REDUCE; true_floor=yes; owner=Codex-template-multi-8fe6
553,var_mean_var_mean_6d7a29cb97f1,norm_template_canonicalization,,8.303303517259987,6.776960950606143,377.1200087964535,1151.6058781939105,implemented_unmeasured,repros/canonical/var_mean_var_mean_6d7a29cb97f1/oracle_norm_template.py,full-scope --check PASS; measured_oracle_us=210.464; cd=364.672; combo=360.704; historical_best=442.4000084400177; classification=RECOMPUTE_FUSION; true_floor=yes; owner=Codex-template-norm-6d7a
554,sum_sum_sum_4d7a27f102ca,structured_pool_upsample_backward_reduce,,4.046821718404777,3.746707376980238,555.5600082874298,1120.4474762675843,implemented_unmeasured,repros/canonical/sum_sum_sum_4d7a27f102ca/oracle_structured_scatter_reduce.py,full-scope --check PASS; measured_oracle_us=419.10; cd_oracle=430.11; cd_compile=999.52; combo_compile=685.28; historical_best=757.8240036964417; classification=SCATTER_REDUCE; true_floor=yes; owner=Codex-template-structured-4d7a
555,pointwise_7f55bac8afd0,layout_indexing_stencil_fusion,,2.941248129491854,2.894017879315571,707.6960029602051,1101.4782268978483,implemented_unmeasured,repros/canonical/pointwise_7f55bac8afd0/oracle_layout_stencil.py,full-scope --check PASS; measured_oracle_us=931.58; cd_compile=1381.22; combo_compile=1380.29; historical_best=1081.3440084457395; classification=SCHEDULER_FUSION; true_floor=yes; owner=Codex-template-layout-7f55
556,sum_sum_sum_ed6c74b5ef96,multi_output_reduction_templates,,5.077424315020296,4.404382930051617,462.2879765629768,1083.6477802307445,not_true_floor,,"full-scope diagnosis-only artifact repros/canonical/sum_sum_sum_ed6c74b5ef96/oracle_multi_output_reduction.py; oracle=869.184us, cd=772.928us, combo=692.544us, historical_best=598.0799794197083; classification=SCATTER_REDUCE; true_floor=no; main path intentionally blank; owner=Codex-template-multi-ed6c"
557,amax_sum_55ae6a130879,online_softmax_cross_entropy,,2.7302533759576506,,,157.1565220392807,active_subagent,,"oracle_needs_rewrite: BAD_ORACLE: only measures softmax, not fused dropout+permute; owner=codex; claimed for full-scope bad-oracle rewrite/revalidation"
558,sum_79c6d0673ca2,structured_pool_upsample_backward_reduce,,2.710227218232756,,,6.133395812334073,active_subagent,,oracle_needs_rewrite: Longformer index_put+sum+transpose; compile=65us vs bad oracle=799us; oracle uses eager ops not Triton; needs rewrite; owner=codex; claimed for full-scope bad-oracle rewrite/revalidation
559,sum_sum_53431ef91176,structured_pool_upsample_backward_reduce,,1.9059944691619937,,,5.843814152103786,active_subagent,,oracle_needs_rewrite: Qwen3 MoE scatter-add+RMSNorm-bwd; compile=79us vs bad oracle=920us; oracle uses eager ops not Triton; needs rewrite; owner=codex; claimed for full-scope bad-oracle rewrite/revalidation
560,sum_86b5dc92d54f,structured_pool_upsample_backward_reduce,,2.4715025621549622,,,8.06207829349502,active_subagent,,oracle_needs_rewrite: BAD_ORACLE: compile=31.5us vs oracle=93.7us (3.0x slower); Longformer index_put+sum+transpose; owner=codex; claimed for full-scope bad-oracle rewrite/revalidation
561,sum_a3c9eb6b27f1,structured_pool_upsample_backward_reduce,,2.690625001136868,,,11.869047753016202,active_subagent,,oracle_needs_rewrite: BAD_ORACLE: compile=29.3us vs oracle=50.2us (1.7x slower); Llama RoPE scatter-reduce; owner=codex; claimed for full-scope bad-oracle rewrite/revalidation
562,sum_sum_sum_9d05c4d37c77,multi_output_reduction_templates,,4.18755950472289,,,1080.2779054495193,active_subagent,,owner=Codex-template-multi-9d05; claimed by Codex using template workflow; target_path=repros/canonical/sum_sum_sum_9d05c4d37c77/oracle_multi_output_reduction.py; no heuristic status filter; full-scope required; proper Triton timed floor required
563,pointwise_a14dcfc06344,layout_indexing_stencil_fusion,,9.08978545731034,,,981.613950510427,active_subagent,,owner=Codex-template-layout-a14d; claimed by Codex using template workflow; target_path=repros/canonical/pointwise_a14dcfc06344/oracle_layout_stencil.py; no heuristic status filter; full-scope required; proper Triton timed floor required
564,sum_sum_2a2b5ec72fea,structured_pool_upsample_backward_reduce,,3.1908943160327228,,,977.6065541875904,active_subagent,,owner=Codex-template-structured-2a2b; claimed by Codex using template workflow; target_path=repros/canonical/sum_sum_2a2b5ec72fea/oracle_structured_scatter_reduce.py; no heuristic status filter; full-scope required; proper Triton timed floor required
